subject_fns,used
https://rcweb.dartmouth.edu/~f003rjw/jspsych_experiments/experiments/isc_asynchrony_behavior/experiments/next-word-prediction/experiment_orders/final-multimodal-01/wheretheressmoke/audio/sub-00001_experiment-information.json,1
https://rcweb.dartmouth.edu/~f003rjw/jspsych_experiments/experiments/isc_asynchrony_behavior/experiments/next-word-prediction/experiment_orders/final-multimodal-01/wheretheressmoke/text/sub-00001_experiment-information.json,1
https://rcweb.dartmouth.edu/~f003rjw/jspsych_experiments/experiments/isc_asynchrony_behavior/experiments/next-word-prediction/experiment_orders/final-multimodal-01/wheretheressmoke/audio/sub-00002_experiment-information.json,1
https://rcweb.dartmouth.edu/~f003rjw/jspsych_experiments/experiments/isc_asynchrony_behavior/experiments/next-word-prediction/experiment_orders/final-multimodal-01/wheretheressmoke/text/sub-00002_experiment-information.json,1
https://rcweb.dartmouth.edu/~f003rjw/jspsych_experiments/experiments/isc_asynchrony_behavior/experiments/next-word-prediction/experiment_orders/final-multimodal-01/wheretheressmoke/audio/sub-00003_experiment-information.json,1
https://rcweb.dartmouth.edu/~f003rjw/jspsych_experiments/experiments/isc_asynchrony_behavior/experiments/next-word-prediction/experiment_orders/final-multimodal-01/wheretheressmoke/text/sub-00003_experiment-information.json,1
https://rcweb.dartmouth.edu/~f003rjw/jspsych_experiments/experiments/isc_asynchrony_behavior/experiments/next-word-prediction/experiment_orders/final-multimodal-01/wheretheressmoke/audio/sub-00004_experiment-information.json,1
https://rcweb.dartmouth.edu/~f003rjw/jspsych_experiments/experiments/isc_asynchrony_behavior/experiments/next-word-prediction/experiment_orders/final-multimodal-01/wheretheressmoke/text/sub-00004_experiment-information.json,1
https://rcweb.dartmouth.edu/~f003rjw/jspsych_experiments/experiments/isc_asynchrony_behavior/experiments/next-word-prediction/experiment_orders/final-multimodal-01/wheretheressmoke/audio/sub-00005_experiment-information.json,1
https://rcweb.dartmouth.edu/~f003rjw/jspsych_experiments/experiments/isc_asynchrony_behavior/experiments/next-word-prediction/experiment_orders/final-multimodal-01/wheretheressmoke/text/sub-00005_experiment-information.json,1
https://rcweb.dartmouth.edu/~f003rjw/jspsych_experiments/experiments/isc_asynchrony_behavior/experiments/next-word-prediction/experiment_orders/final-multimodal-01/wheretheressmoke/audio/sub-00006_experiment-information.json,1
https://rcweb.dartmouth.edu/~f003rjw/jspsych_experiments/experiments/isc_asynchrony_behavior/experiments/next-word-prediction/experiment_orders/final-multimodal-01/wheretheressmoke/text/sub-00006_experiment-information.json,1
https://rcweb.dartmouth.edu/~f003rjw/jspsych_experiments/experiments/isc_asynchrony_behavior/experiments/next-word-prediction/experiment_orders/final-multimodal-01/wheretheressmoke/audio/sub-00007_experiment-information.json,1
https://rcweb.dartmouth.edu/~f003rjw/jspsych_experiments/experiments/isc_asynchrony_behavior/experiments/next-word-prediction/experiment_orders/final-multimodal-01/wheretheressmoke/text/sub-00007_experiment-information.json,1
https://rcweb.dartmouth.edu/~f003rjw/jspsych_experiments/experiments/isc_asynchrony_behavior/experiments/next-word-prediction/experiment_orders/final-multimodal-01/wheretheressmoke/audio/sub-00008_experiment-information.json,1
https://rcweb.dartmouth.edu/~f003rjw/jspsych_experiments/experiments/isc_asynchrony_behavior/experiments/next-word-prediction/experiment_orders/final-multimodal-01/wheretheressmoke/text/sub-00008_experiment-information.json,1
https://rcweb.dartmouth.edu/~f003rjw/jspsych_experiments/experiments/isc_asynchrony_behavior/experiments/next-word-prediction/experiment_orders/final-multimodal-01/wheretheressmoke/audio/sub-00009_experiment-information.json,1
https://rcweb.dartmouth.edu/~f003rjw/jspsych_experiments/experiments/isc_asynchrony_behavior/experiments/next-word-prediction/experiment_orders/final-multimodal-01/wheretheressmoke/text/sub-00009_experiment-information.json,1
https://rcweb.dartmouth.edu/~f003rjw/jspsych_experiments/experiments/isc_asynchrony_behavior/experiments/next-word-prediction/experiment_orders/final-multimodal-01/wheretheressmoke/audio/sub-00010_experiment-information.json,1
https://rcweb.dartmouth.edu/~f003rjw/jspsych_experiments/experiments/isc_asynchrony_behavior/experiments/next-word-prediction/experiment_orders/final-multimodal-01/wheretheressmoke/text/sub-00010_experiment-information.json,1
https://rcweb.dartmouth.edu/~f003rjw/jspsych_experiments/experiments/isc_asynchrony_behavior/experiments/next-word-prediction/experiment_orders/final-multimodal-01/wheretheressmoke/audio/sub-00011_experiment-information.json,1
https://rcweb.dartmouth.edu/~f003rjw/jspsych_experiments/experiments/isc_asynchrony_behavior/experiments/next-word-prediction/experiment_orders/final-multimodal-01/wheretheressmoke/text/sub-00011_experiment-information.json,1
https://rcweb.dartmouth.edu/~f003rjw/jspsych_experiments/experiments/isc_asynchrony_behavior/experiments/next-word-prediction/experiment_orders/final-multimodal-01/wheretheressmoke/audio/sub-00012_experiment-information.json,1
https://rcweb.dartmouth.edu/~f003rjw/jspsych_experiments/experiments/isc_asynchrony_behavior/experiments/next-word-prediction/experiment_orders/final-multimodal-01/wheretheressmoke/text/sub-00012_experiment-information.json,1
https://rcweb.dartmouth.edu/~f003rjw/jspsych_experiments/experiments/isc_asynchrony_behavior/experiments/next-word-prediction/experiment_orders/final-multimodal-01/wheretheressmoke/audio/sub-00013_experiment-information.json,1
https://rcweb.dartmouth.edu/~f003rjw/jspsych_experiments/experiments/isc_asynchrony_behavior/experiments/next-word-prediction/experiment_orders/final-multimodal-01/wheretheressmoke/text/sub-00013_experiment-information.json,1
https://rcweb.dartmouth.edu/~f003rjw/jspsych_experiments/experiments/isc_asynchrony_behavior/experiments/next-word-prediction/experiment_orders/final-multimodal-01/wheretheressmoke/audio/sub-00014_experiment-information.json,1
https://rcweb.dartmouth.edu/~f003rjw/jspsych_experiments/experiments/isc_asynchrony_behavior/experiments/next-word-prediction/experiment_orders/final-multimodal-01/wheretheressmoke/text/sub-00014_experiment-information.json,1
https://rcweb.dartmouth.edu/~f003rjw/jspsych_experiments/experiments/isc_asynchrony_behavior/experiments/next-word-prediction/experiment_orders/final-multimodal-01/wheretheressmoke/audio/sub-00015_experiment-information.json,1
https://rcweb.dartmouth.edu/~f003rjw/jspsych_experiments/experiments/isc_asynchrony_behavior/experiments/next-word-prediction/experiment_orders/final-multimodal-01/wheretheressmoke/text/sub-00015_experiment-information.json,1
https://rcweb.dartmouth.edu/~f003rjw/jspsych_experiments/experiments/isc_asynchrony_behavior/experiments/next-word-prediction/experiment_orders/final-multimodal-01/wheretheressmoke/audio/sub-00016_experiment-information.json,1
https://rcweb.dartmouth.edu/~f003rjw/jspsych_experiments/experiments/isc_asynchrony_behavior/experiments/next-word-prediction/experiment_orders/final-multimodal-01/wheretheressmoke/text/sub-00016_experiment-information.json,1
https://rcweb.dartmouth.edu/~f003rjw/jspsych_experiments/experiments/isc_asynchrony_behavior/experiments/next-word-prediction/experiment_orders/final-multimodal-01/wheretheressmoke/audio/sub-00017_experiment-information.json,1
https://rcweb.dartmouth.edu/~f003rjw/jspsych_experiments/experiments/isc_asynchrony_behavior/experiments/next-word-prediction/experiment_orders/final-multimodal-01/wheretheressmoke/text/sub-00017_experiment-information.json,1
https://rcweb.dartmouth.edu/~f003rjw/jspsych_experiments/experiments/isc_asynchrony_behavior/experiments/next-word-prediction/experiment_orders/final-multimodal-01/wheretheressmoke/audio/sub-00018_experiment-information.json,1
https://rcweb.dartmouth.edu/~f003rjw/jspsych_experiments/experiments/isc_asynchrony_behavior/experiments/next-word-prediction/experiment_orders/final-multimodal-01/wheretheressmoke/text/sub-00018_experiment-information.json,1
https://rcweb.dartmouth.edu/~f003rjw/jspsych_experiments/experiments/isc_asynchrony_behavior/experiments/next-word-prediction/experiment_orders/final-multimodal-01/wheretheressmoke/audio/sub-00019_experiment-information.json,1
https://rcweb.dartmouth.edu/~f003rjw/jspsych_experiments/experiments/isc_asynchrony_behavior/experiments/next-word-prediction/experiment_orders/final-multimodal-01/wheretheressmoke/text/sub-00019_experiment-information.json,1
https://rcweb.dartmouth.edu/~f003rjw/jspsych_experiments/experiments/isc_asynchrony_behavior/experiments/next-word-prediction/experiment_orders/final-multimodal-01/wheretheressmoke/audio/sub-00020_experiment-information.json,1
https://rcweb.dartmouth.edu/~f003rjw/jspsych_experiments/experiments/isc_asynchrony_behavior/experiments/next-word-prediction/experiment_orders/final-multimodal-01/wheretheressmoke/text/sub-00020_experiment-information.json,1
https://rcweb.dartmouth.edu/~f003rjw/jspsych_experiments/experiments/isc_asynchrony_behavior/experiments/next-word-prediction/experiment_orders/final-multimodal-01/wheretheressmoke/audio/sub-00021_experiment-information.json,1
https://rcweb.dartmouth.edu/~f003rjw/jspsych_experiments/experiments/isc_asynchrony_behavior/experiments/next-word-prediction/experiment_orders/final-multimodal-01/wheretheressmoke/text/sub-00021_experiment-information.json,1
https://rcweb.dartmouth.edu/~f003rjw/jspsych_experiments/experiments/isc_asynchrony_behavior/experiments/next-word-prediction/experiment_orders/final-multimodal-01/wheretheressmoke/audio/sub-00022_experiment-information.json,1
https://rcweb.dartmouth.edu/~f003rjw/jspsych_experiments/experiments/isc_asynchrony_behavior/experiments/next-word-prediction/experiment_orders/final-multimodal-01/wheretheressmoke/text/sub-00022_experiment-information.json,1
https://rcweb.dartmouth.edu/~f003rjw/jspsych_experiments/experiments/isc_asynchrony_behavior/experiments/next-word-prediction/experiment_orders/final-multimodal-01/wheretheressmoke/audio/sub-00023_experiment-information.json,1
https://rcweb.dartmouth.edu/~f003rjw/jspsych_experiments/experiments/isc_asynchrony_behavior/experiments/next-word-prediction/experiment_orders/final-multimodal-01/wheretheressmoke/text/sub-00023_experiment-information.json,1
https://rcweb.dartmouth.edu/~f003rjw/jspsych_experiments/experiments/isc_asynchrony_behavior/experiments/next-word-prediction/experiment_orders/final-multimodal-01/wheretheressmoke/audio/sub-00024_experiment-information.json,1
https://rcweb.dartmouth.edu/~f003rjw/jspsych_experiments/experiments/isc_asynchrony_behavior/experiments/next-word-prediction/experiment_orders/final-multimodal-01/wheretheressmoke/text/sub-00024_experiment-information.json,1
https://rcweb.dartmouth.edu/~f003rjw/jspsych_experiments/experiments/isc_asynchrony_behavior/experiments/next-word-prediction/experiment_orders/final-multimodal-01/wheretheressmoke/audio/sub-00025_experiment-information.json,1
https://rcweb.dartmouth.edu/~f003rjw/jspsych_experiments/experiments/isc_asynchrony_behavior/experiments/next-word-prediction/experiment_orders/final-multimodal-01/wheretheressmoke/text/sub-00025_experiment-information.json,1
https://rcweb.dartmouth.edu/~f003rjw/jspsych_experiments/experiments/isc_asynchrony_behavior/experiments/next-word-prediction/experiment_orders/final-multimodal-01/wheretheressmoke/audio/sub-00026_experiment-information.json,1
https://rcweb.dartmouth.edu/~f003rjw/jspsych_experiments/experiments/isc_asynchrony_behavior/experiments/next-word-prediction/experiment_orders/final-multimodal-01/wheretheressmoke/text/sub-00026_experiment-information.json,1
https://rcweb.dartmouth.edu/~f003rjw/jspsych_experiments/experiments/isc_asynchrony_behavior/experiments/next-word-prediction/experiment_orders/final-multimodal-01/wheretheressmoke/audio/sub-00027_experiment-information.json,1
https://rcweb.dartmouth.edu/~f003rjw/jspsych_experiments/experiments/isc_asynchrony_behavior/experiments/next-word-prediction/experiment_orders/final-multimodal-01/wheretheressmoke/text/sub-00027_experiment-information.json,1
https://rcweb.dartmouth.edu/~f003rjw/jspsych_experiments/experiments/isc_asynchrony_behavior/experiments/next-word-prediction/experiment_orders/final-multimodal-01/wheretheressmoke/audio/sub-00028_experiment-information.json,1
https://rcweb.dartmouth.edu/~f003rjw/jspsych_experiments/experiments/isc_asynchrony_behavior/experiments/next-word-prediction/experiment_orders/final-multimodal-01/wheretheressmoke/text/sub-00028_experiment-information.json,1
https://rcweb.dartmouth.edu/~f003rjw/jspsych_experiments/experiments/isc_asynchrony_behavior/experiments/next-word-prediction/experiment_orders/final-multimodal-01/wheretheressmoke/audio/sub-00029_experiment-information.json,1
https://rcweb.dartmouth.edu/~f003rjw/jspsych_experiments/experiments/isc_asynchrony_behavior/experiments/next-word-prediction/experiment_orders/final-multimodal-01/wheretheressmoke/text/sub-00029_experiment-information.json,1
https://rcweb.dartmouth.edu/~f003rjw/jspsych_experiments/experiments/isc_asynchrony_behavior/experiments/next-word-prediction/experiment_orders/final-multimodal-01/wheretheressmoke/audio/sub-00030_experiment-information.json,1
https://rcweb.dartmouth.edu/~f003rjw/jspsych_experiments/experiments/isc_asynchrony_behavior/experiments/next-word-prediction/experiment_orders/final-multimodal-01/wheretheressmoke/text/sub-00030_experiment-information.json,1
https://rcweb.dartmouth.edu/~f003rjw/jspsych_experiments/experiments/isc_asynchrony_behavior/experiments/next-word-prediction/experiment_orders/final-multimodal-01/wheretheressmoke/audio/sub-00031_experiment-information.json,1
https://rcweb.dartmouth.edu/~f003rjw/jspsych_experiments/experiments/isc_asynchrony_behavior/experiments/next-word-prediction/experiment_orders/final-multimodal-01/wheretheressmoke/text/sub-00031_experiment-information.json,
https://rcweb.dartmouth.edu/~f003rjw/jspsych_experiments/experiments/isc_asynchrony_behavior/experiments/next-word-prediction/experiment_orders/final-multimodal-01/wheretheressmoke/audio/sub-00032_experiment-information.json,1
https://rcweb.dartmouth.edu/~f003rjw/jspsych_experiments/experiments/isc_asynchrony_behavior/experiments/next-word-prediction/experiment_orders/final-multimodal-01/wheretheressmoke/text/sub-00032_experiment-information.json,1
https://rcweb.dartmouth.edu/~f003rjw/jspsych_experiments/experiments/isc_asynchrony_behavior/experiments/next-word-prediction/experiment_orders/final-multimodal-01/wheretheressmoke/audio/sub-00033_experiment-information.json,1
https://rcweb.dartmouth.edu/~f003rjw/jspsych_experiments/experiments/isc_asynchrony_behavior/experiments/next-word-prediction/experiment_orders/final-multimodal-01/wheretheressmoke/text/sub-00033_experiment-information.json,1
https://rcweb.dartmouth.edu/~f003rjw/jspsych_experiments/experiments/isc_asynchrony_behavior/experiments/next-word-prediction/experiment_orders/final-multimodal-01/wheretheressmoke/audio/sub-00034_experiment-information.json,1
https://rcweb.dartmouth.edu/~f003rjw/jspsych_experiments/experiments/isc_asynchrony_behavior/experiments/next-word-prediction/experiment_orders/final-multimodal-01/wheretheressmoke/text/sub-00034_experiment-information.json,1
https://rcweb.dartmouth.edu/~f003rjw/jspsych_experiments/experiments/isc_asynchrony_behavior/experiments/next-word-prediction/experiment_orders/final-multimodal-01/wheretheressmoke/audio/sub-00035_experiment-information.json,1
https://rcweb.dartmouth.edu/~f003rjw/jspsych_experiments/experiments/isc_asynchrony_behavior/experiments/next-word-prediction/experiment_orders/final-multimodal-01/wheretheressmoke/text/sub-00035_experiment-information.json,1
https://rcweb.dartmouth.edu/~f003rjw/jspsych_experiments/experiments/isc_asynchrony_behavior/experiments/next-word-prediction/experiment_orders/final-multimodal-01/wheretheressmoke/audio/sub-00036_experiment-information.json,1
https://rcweb.dartmouth.edu/~f003rjw/jspsych_experiments/experiments/isc_asynchrony_behavior/experiments/next-word-prediction/experiment_orders/final-multimodal-01/wheretheressmoke/text/sub-00036_experiment-information.json,1
https://rcweb.dartmouth.edu/~f003rjw/jspsych_experiments/experiments/isc_asynchrony_behavior/experiments/next-word-prediction/experiment_orders/final-multimodal-01/wheretheressmoke/audio/sub-00037_experiment-information.json,1
https://rcweb.dartmouth.edu/~f003rjw/jspsych_experiments/experiments/isc_asynchrony_behavior/experiments/next-word-prediction/experiment_orders/final-multimodal-01/wheretheressmoke/text/sub-00037_experiment-information.json,1
https://rcweb.dartmouth.edu/~f003rjw/jspsych_experiments/experiments/isc_asynchrony_behavior/experiments/next-word-prediction/experiment_orders/final-multimodal-01/wheretheressmoke/audio/sub-00038_experiment-information.json,1
https://rcweb.dartmouth.edu/~f003rjw/jspsych_experiments/experiments/isc_asynchrony_behavior/experiments/next-word-prediction/experiment_orders/final-multimodal-01/wheretheressmoke/text/sub-00038_experiment-information.json,1
https://rcweb.dartmouth.edu/~f003rjw/jspsych_experiments/experiments/isc_asynchrony_behavior/experiments/next-word-prediction/experiment_orders/final-multimodal-01/wheretheressmoke/audio/sub-00039_experiment-information.json,1
https://rcweb.dartmouth.edu/~f003rjw/jspsych_experiments/experiments/isc_asynchrony_behavior/experiments/next-word-prediction/experiment_orders/final-multimodal-01/wheretheressmoke/text/sub-00039_experiment-information.json,1
https://rcweb.dartmouth.edu/~f003rjw/jspsych_experiments/experiments/isc_asynchrony_behavior/experiments/next-word-prediction/experiment_orders/final-multimodal-01/wheretheressmoke/audio/sub-00040_experiment-information.json,1
https://rcweb.dartmouth.edu/~f003rjw/jspsych_experiments/experiments/isc_asynchrony_behavior/experiments/next-word-prediction/experiment_orders/final-multimodal-01/wheretheressmoke/text/sub-00040_experiment-information.json,1
https://rcweb.dartmouth.edu/~f003rjw/jspsych_experiments/experiments/isc_asynchrony_behavior/experiments/next-word-prediction/experiment_orders/final-multimodal-01/wheretheressmoke/audio/sub-00041_experiment-information.json,1
https://rcweb.dartmouth.edu/~f003rjw/jspsych_experiments/experiments/isc_asynchrony_behavior/experiments/next-word-prediction/experiment_orders/final-multimodal-01/wheretheressmoke/text/sub-00041_experiment-information.json,1
https://rcweb.dartmouth.edu/~f003rjw/jspsych_experiments/experiments/isc_asynchrony_behavior/experiments/next-word-prediction/experiment_orders/final-multimodal-01/wheretheressmoke/audio/sub-00042_experiment-information.json,1
https://rcweb.dartmouth.edu/~f003rjw/jspsych_experiments/experiments/isc_asynchrony_behavior/experiments/next-word-prediction/experiment_orders/final-multimodal-01/wheretheressmoke/text/sub-00042_experiment-information.json,1
https://rcweb.dartmouth.edu/~f003rjw/jspsych_experiments/experiments/isc_asynchrony_behavior/experiments/next-word-prediction/experiment_orders/final-multimodal-01/wheretheressmoke/audio/sub-00043_experiment-information.json,1
https://rcweb.dartmouth.edu/~f003rjw/jspsych_experiments/experiments/isc_asynchrony_behavior/experiments/next-word-prediction/experiment_orders/final-multimodal-01/wheretheressmoke/text/sub-00043_experiment-information.json,1
https://rcweb.dartmouth.edu/~f003rjw/jspsych_experiments/experiments/isc_asynchrony_behavior/experiments/next-word-prediction/experiment_orders/final-multimodal-01/wheretheressmoke/audio/sub-00044_experiment-information.json,1
https://rcweb.dartmouth.edu/~f003rjw/jspsych_experiments/experiments/isc_asynchrony_behavior/experiments/next-word-prediction/experiment_orders/final-multimodal-01/wheretheressmoke/text/sub-00044_experiment-information.json,1
https://rcweb.dartmouth.edu/~f003rjw/jspsych_experiments/experiments/isc_asynchrony_behavior/experiments/next-word-prediction/experiment_orders/final-multimodal-01/wheretheressmoke/audio/sub-00045_experiment-information.json,1
https://rcweb.dartmouth.edu/~f003rjw/jspsych_experiments/experiments/isc_asynchrony_behavior/experiments/next-word-prediction/experiment_orders/final-multimodal-01/wheretheressmoke/text/sub-00045_experiment-information.json,1
https://rcweb.dartmouth.edu/~f003rjw/jspsych_experiments/experiments/isc_asynchrony_behavior/experiments/next-word-prediction/experiment_orders/final-multimodal-01/wheretheressmoke/audio/sub-00046_experiment-information.json,1
https://rcweb.dartmouth.edu/~f003rjw/jspsych_experiments/experiments/isc_asynchrony_behavior/experiments/next-word-prediction/experiment_orders/final-multimodal-01/wheretheressmoke/text/sub-00046_experiment-information.json,
https://rcweb.dartmouth.edu/~f003rjw/jspsych_experiments/experiments/isc_asynchrony_behavior/experiments/next-word-prediction/experiment_orders/final-multimodal-01/wheretheressmoke/audio/sub-00047_experiment-information.json,1
https://rcweb.dartmouth.edu/~f003rjw/jspsych_experiments/experiments/isc_asynchrony_behavior/experiments/next-word-prediction/experiment_orders/final-multimodal-01/wheretheressmoke/text/sub-00047_experiment-information.json,1
https://rcweb.dartmouth.edu/~f003rjw/jspsych_experiments/experiments/isc_asynchrony_behavior/experiments/next-word-prediction/experiment_orders/final-multimodal-01/wheretheressmoke/audio/sub-00048_experiment-information.json,1
https://rcweb.dartmouth.edu/~f003rjw/jspsych_experiments/experiments/isc_asynchrony_behavior/experiments/next-word-prediction/experiment_orders/final-multimodal-01/wheretheressmoke/text/sub-00048_experiment-information.json,1
https://rcweb.dartmouth.edu/~f003rjw/jspsych_experiments/experiments/isc_asynchrony_behavior/experiments/next-word-prediction/experiment_orders/final-multimodal-01/wheretheressmoke/audio/sub-00049_experiment-information.json,1
https://rcweb.dartmouth.edu/~f003rjw/jspsych_experiments/experiments/isc_asynchrony_behavior/experiments/next-word-prediction/experiment_orders/final-multimodal-01/wheretheressmoke/text/sub-00049_experiment-information.json,1
https://rcweb.dartmouth.edu/~f003rjw/jspsych_experiments/experiments/isc_asynchrony_behavior/experiments/next-word-prediction/experiment_orders/final-multimodal-01/wheretheressmoke/audio/sub-00050_experiment-information.json,
https://rcweb.dartmouth.edu/~f003rjw/jspsych_experiments/experiments/isc_asynchrony_behavior/experiments/next-word-prediction/experiment_orders/final-multimodal-01/wheretheressmoke/text/sub-00050_experiment-information.json,1
https://rcweb.dartmouth.edu/~f003rjw/jspsych_experiments/experiments/isc_asynchrony_behavior/experiments/next-word-prediction/experiment_orders/final-multimodal-01/wheretheressmoke/audio/sub-00051_experiment-information.json,1
https://rcweb.dartmouth.edu/~f003rjw/jspsych_experiments/experiments/isc_asynchrony_behavior/experiments/next-word-prediction/experiment_orders/final-multimodal-01/wheretheressmoke/text/sub-00051_experiment-information.json,1
https://rcweb.dartmouth.edu/~f003rjw/jspsych_experiments/experiments/isc_asynchrony_behavior/experiments/next-word-prediction/experiment_orders/final-multimodal-01/wheretheressmoke/audio/sub-00052_experiment-information.json,1
https://rcweb.dartmouth.edu/~f003rjw/jspsych_experiments/experiments/isc_asynchrony_behavior/experiments/next-word-prediction/experiment_orders/final-multimodal-01/wheretheressmoke/text/sub-00052_experiment-information.json,1
https://rcweb.dartmouth.edu/~f003rjw/jspsych_experiments/experiments/isc_asynchrony_behavior/experiments/next-word-prediction/experiment_orders/final-multimodal-01/wheretheressmoke/audio/sub-00053_experiment-information.json,1
https://rcweb.dartmouth.edu/~f003rjw/jspsych_experiments/experiments/isc_asynchrony_behavior/experiments/next-word-prediction/experiment_orders/final-multimodal-01/wheretheressmoke/text/sub-00053_experiment-information.json,1
https://rcweb.dartmouth.edu/~f003rjw/jspsych_experiments/experiments/isc_asynchrony_behavior/experiments/next-word-prediction/experiment_orders/final-multimodal-01/wheretheressmoke/audio/sub-00054_experiment-information.json,1
https://rcweb.dartmouth.edu/~f003rjw/jspsych_experiments/experiments/isc_asynchrony_behavior/experiments/next-word-prediction/experiment_orders/final-multimodal-01/wheretheressmoke/text/sub-00054_experiment-information.json,1
https://rcweb.dartmouth.edu/~f003rjw/jspsych_experiments/experiments/isc_asynchrony_behavior/experiments/next-word-prediction/experiment_orders/final-multimodal-01/wheretheressmoke/audio/sub-00055_experiment-information.json,1
https://rcweb.dartmouth.edu/~f003rjw/jspsych_experiments/experiments/isc_asynchrony_behavior/experiments/next-word-prediction/experiment_orders/final-multimodal-01/wheretheressmoke/text/sub-00055_experiment-information.json,1
https://rcweb.dartmouth.edu/~f003rjw/jspsych_experiments/experiments/isc_asynchrony_behavior/experiments/next-word-prediction/experiment_orders/final-multimodal-01/wheretheressmoke/audio/sub-00056_experiment-information.json,1
https://rcweb.dartmouth.edu/~f003rjw/jspsych_experiments/experiments/isc_asynchrony_behavior/experiments/next-word-prediction/experiment_orders/final-multimodal-01/wheretheressmoke/text/sub-00056_experiment-information.json,1
https://rcweb.dartmouth.edu/~f003rjw/jspsych_experiments/experiments/isc_asynchrony_behavior/experiments/next-word-prediction/experiment_orders/final-multimodal-01/wheretheressmoke/audio/sub-00057_experiment-information.json,1
https://rcweb.dartmouth.edu/~f003rjw/jspsych_experiments/experiments/isc_asynchrony_behavior/experiments/next-word-prediction/experiment_orders/final-multimodal-01/wheretheressmoke/text/sub-00057_experiment-information.json,1
https://rcweb.dartmouth.edu/~f003rjw/jspsych_experiments/experiments/isc_asynchrony_behavior/experiments/next-word-prediction/experiment_orders/final-multimodal-01/wheretheressmoke/audio/sub-00058_experiment-information.json,1
https://rcweb.dartmouth.edu/~f003rjw/jspsych_experiments/experiments/isc_asynchrony_behavior/experiments/next-word-prediction/experiment_orders/final-multimodal-01/wheretheressmoke/text/sub-00058_experiment-information.json,1
https://rcweb.dartmouth.edu/~f003rjw/jspsych_experiments/experiments/isc_asynchrony_behavior/experiments/next-word-prediction/experiment_orders/final-multimodal-01/wheretheressmoke/audio/sub-00059_experiment-information.json,1
https://rcweb.dartmouth.edu/~f003rjw/jspsych_experiments/experiments/isc_asynchrony_behavior/experiments/next-word-prediction/experiment_orders/final-multimodal-01/wheretheressmoke/text/sub-00059_experiment-information.json,1
https://rcweb.dartmouth.edu/~f003rjw/jspsych_experiments/experiments/isc_asynchrony_behavior/experiments/next-word-prediction/experiment_orders/final-multimodal-01/wheretheressmoke/audio/sub-00060_experiment-information.json,1
https://rcweb.dartmouth.edu/~f003rjw/jspsych_experiments/experiments/isc_asynchrony_behavior/experiments/next-word-prediction/experiment_orders/final-multimodal-01/wheretheressmoke/text/sub-00060_experiment-information.json,1
https://rcweb.dartmouth.edu/~f003rjw/jspsych_experiments/experiments/isc_asynchrony_behavior/experiments/next-word-prediction/experiment_orders/final-multimodal-01/wheretheressmoke/audio/sub-00061_experiment-information.json,1
https://rcweb.dartmouth.edu/~f003rjw/jspsych_experiments/experiments/isc_asynchrony_behavior/experiments/next-word-prediction/experiment_orders/final-multimodal-01/wheretheressmoke/text/sub-00061_experiment-information.json,1
https://rcweb.dartmouth.edu/~f003rjw/jspsych_experiments/experiments/isc_asynchrony_behavior/experiments/next-word-prediction/experiment_orders/final-multimodal-01/wheretheressmoke/audio/sub-00062_experiment-information.json,1
https://rcweb.dartmouth.edu/~f003rjw/jspsych_experiments/experiments/isc_asynchrony_behavior/experiments/next-word-prediction/experiment_orders/final-multimodal-01/wheretheressmoke/text/sub-00062_experiment-information.json,1
https://rcweb.dartmouth.edu/~f003rjw/jspsych_experiments/experiments/isc_asynchrony_behavior/experiments/next-word-prediction/experiment_orders/final-multimodal-01/wheretheressmoke/audio/sub-00063_experiment-information.json,1
https://rcweb.dartmouth.edu/~f003rjw/jspsych_experiments/experiments/isc_asynchrony_behavior/experiments/next-word-prediction/experiment_orders/final-multimodal-01/wheretheressmoke/text/sub-00063_experiment-information.json,1
https://rcweb.dartmouth.edu/~f003rjw/jspsych_experiments/experiments/isc_asynchrony_behavior/experiments/next-word-prediction/experiment_orders/final-multimodal-01/wheretheressmoke/audio/sub-00064_experiment-information.json,1
https://rcweb.dartmouth.edu/~f003rjw/jspsych_experiments/experiments/isc_asynchrony_behavior/experiments/next-word-prediction/experiment_orders/final-multimodal-01/wheretheressmoke/text/sub-00064_experiment-information.json,1
https://rcweb.dartmouth.edu/~f003rjw/jspsych_experiments/experiments/isc_asynchrony_behavior/experiments/next-word-prediction/experiment_orders/final-multimodal-01/wheretheressmoke/audio/sub-00065_experiment-information.json,1
https://rcweb.dartmouth.edu/~f003rjw/jspsych_experiments/experiments/isc_asynchrony_behavior/experiments/next-word-prediction/experiment_orders/final-multimodal-01/wheretheressmoke/text/sub-00065_experiment-information.json,1
https://rcweb.dartmouth.edu/~f003rjw/jspsych_experiments/experiments/isc_asynchrony_behavior/experiments/next-word-prediction/experiment_orders/final-multimodal-01/wheretheressmoke/audio/sub-00066_experiment-information.json,1
https://rcweb.dartmouth.edu/~f003rjw/jspsych_experiments/experiments/isc_asynchrony_behavior/experiments/next-word-prediction/experiment_orders/final-multimodal-01/wheretheressmoke/text/sub-00066_experiment-information.json,1
https://rcweb.dartmouth.edu/~f003rjw/jspsych_experiments/experiments/isc_asynchrony_behavior/experiments/next-word-prediction/experiment_orders/final-multimodal-01/wheretheressmoke/audio/sub-00067_experiment-information.json,1
https://rcweb.dartmouth.edu/~f003rjw/jspsych_experiments/experiments/isc_asynchrony_behavior/experiments/next-word-prediction/experiment_orders/final-multimodal-01/wheretheressmoke/text/sub-00067_experiment-information.json,1
https://rcweb.dartmouth.edu/~f003rjw/jspsych_experiments/experiments/isc_asynchrony_behavior/experiments/next-word-prediction/experiment_orders/final-multimodal-01/wheretheressmoke/audio/sub-00068_experiment-information.json,1
https://rcweb.dartmouth.edu/~f003rjw/jspsych_experiments/experiments/isc_asynchrony_behavior/experiments/next-word-prediction/experiment_orders/final-multimodal-01/wheretheressmoke/text/sub-00068_experiment-information.json,1
https://rcweb.dartmouth.edu/~f003rjw/jspsych_experiments/experiments/isc_asynchrony_behavior/experiments/next-word-prediction/experiment_orders/final-multimodal-01/wheretheressmoke/audio/sub-00069_experiment-information.json,1
https://rcweb.dartmouth.edu/~f003rjw/jspsych_experiments/experiments/isc_asynchrony_behavior/experiments/next-word-prediction/experiment_orders/final-multimodal-01/wheretheressmoke/text/sub-00069_experiment-information.json,1
https://rcweb.dartmouth.edu/~f003rjw/jspsych_experiments/experiments/isc_asynchrony_behavior/experiments/next-word-prediction/experiment_orders/final-multimodal-01/wheretheressmoke/audio/sub-00070_experiment-information.json,1
https://rcweb.dartmouth.edu/~f003rjw/jspsych_experiments/experiments/isc_asynchrony_behavior/experiments/next-word-prediction/experiment_orders/final-multimodal-01/wheretheressmoke/text/sub-00070_experiment-information.json,1
https://rcweb.dartmouth.edu/~f003rjw/jspsych_experiments/experiments/isc_asynchrony_behavior/experiments/next-word-prediction/experiment_orders/final-multimodal-01/wheretheressmoke/audio/sub-00071_experiment-information.json,1
https://rcweb.dartmouth.edu/~f003rjw/jspsych_experiments/experiments/isc_asynchrony_behavior/experiments/next-word-prediction/experiment_orders/final-multimodal-01/wheretheressmoke/text/sub-00071_experiment-information.json,1
https://rcweb.dartmouth.edu/~f003rjw/jspsych_experiments/experiments/isc_asynchrony_behavior/experiments/next-word-prediction/experiment_orders/final-multimodal-01/wheretheressmoke/audio/sub-00072_experiment-information.json,1
https://rcweb.dartmouth.edu/~f003rjw/jspsych_experiments/experiments/isc_asynchrony_behavior/experiments/next-word-prediction/experiment_orders/final-multimodal-01/wheretheressmoke/text/sub-00072_experiment-information.json,1
https://rcweb.dartmouth.edu/~f003rjw/jspsych_experiments/experiments/isc_asynchrony_behavior/experiments/next-word-prediction/experiment_orders/final-multimodal-01/wheretheressmoke/audio/sub-00073_experiment-information.json,1
https://rcweb.dartmouth.edu/~f003rjw/jspsych_experiments/experiments/isc_asynchrony_behavior/experiments/next-word-prediction/experiment_orders/final-multimodal-01/wheretheressmoke/text/sub-00073_experiment-information.json,
https://rcweb.dartmouth.edu/~f003rjw/jspsych_experiments/experiments/isc_asynchrony_behavior/experiments/next-word-prediction/experiment_orders/final-multimodal-01/wheretheressmoke/audio/sub-00074_experiment-information.json,1
https://rcweb.dartmouth.edu/~f003rjw/jspsych_experiments/experiments/isc_asynchrony_behavior/experiments/next-word-prediction/experiment_orders/final-multimodal-01/wheretheressmoke/text/sub-00074_experiment-information.json,1
https://rcweb.dartmouth.edu/~f003rjw/jspsych_experiments/experiments/isc_asynchrony_behavior/experiments/next-word-prediction/experiment_orders/final-multimodal-01/wheretheressmoke/audio/sub-00075_experiment-information.json,1
https://rcweb.dartmouth.edu/~f003rjw/jspsych_experiments/experiments/isc_asynchrony_behavior/experiments/next-word-prediction/experiment_orders/final-multimodal-01/wheretheressmoke/text/sub-00075_experiment-information.json,
https://rcweb.dartmouth.edu/~f003rjw/jspsych_experiments/experiments/isc_asynchrony_behavior/experiments/next-word-prediction/experiment_orders/final-multimodal-01/wheretheressmoke/audio/sub-00076_experiment-information.json,1
https://rcweb.dartmouth.edu/~f003rjw/jspsych_experiments/experiments/isc_asynchrony_behavior/experiments/next-word-prediction/experiment_orders/final-multimodal-01/wheretheressmoke/text/sub-00076_experiment-information.json,1
https://rcweb.dartmouth.edu/~f003rjw/jspsych_experiments/experiments/isc_asynchrony_behavior/experiments/next-word-prediction/experiment_orders/final-multimodal-01/wheretheressmoke/audio/sub-00077_experiment-information.json,1
https://rcweb.dartmouth.edu/~f003rjw/jspsych_experiments/experiments/isc_asynchrony_behavior/experiments/next-word-prediction/experiment_orders/final-multimodal-01/wheretheressmoke/text/sub-00077_experiment-information.json,1
https://rcweb.dartmouth.edu/~f003rjw/jspsych_experiments/experiments/isc_asynchrony_behavior/experiments/next-word-prediction/experiment_orders/final-multimodal-01/wheretheressmoke/audio/sub-00078_experiment-information.json,1
https://rcweb.dartmouth.edu/~f003rjw/jspsych_experiments/experiments/isc_asynchrony_behavior/experiments/next-word-prediction/experiment_orders/final-multimodal-01/wheretheressmoke/text/sub-00078_experiment-information.json,
https://rcweb.dartmouth.edu/~f003rjw/jspsych_experiments/experiments/isc_asynchrony_behavior/experiments/next-word-prediction/experiment_orders/final-multimodal-01/wheretheressmoke/audio/sub-00079_experiment-information.json,1
https://rcweb.dartmouth.edu/~f003rjw/jspsych_experiments/experiments/isc_asynchrony_behavior/experiments/next-word-prediction/experiment_orders/final-multimodal-01/wheretheressmoke/text/sub-00079_experiment-information.json,1
https://rcweb.dartmouth.edu/~f003rjw/jspsych_experiments/experiments/isc_asynchrony_behavior/experiments/next-word-prediction/experiment_orders/final-multimodal-01/wheretheressmoke/audio/sub-00080_experiment-information.json,1
https://rcweb.dartmouth.edu/~f003rjw/jspsych_experiments/experiments/isc_asynchrony_behavior/experiments/next-word-prediction/experiment_orders/final-multimodal-01/wheretheressmoke/text/sub-00080_experiment-information.json,
https://rcweb.dartmouth.edu/~f003rjw/jspsych_experiments/experiments/isc_asynchrony_behavior/experiments/next-word-prediction/experiment_orders/final-multimodal-01/wheretheressmoke/audio/sub-00081_experiment-information.json,1
https://rcweb.dartmouth.edu/~f003rjw/jspsych_experiments/experiments/isc_asynchrony_behavior/experiments/next-word-prediction/experiment_orders/final-multimodal-01/wheretheressmoke/text/sub-00081_experiment-information.json,
https://rcweb.dartmouth.edu/~f003rjw/jspsych_experiments/experiments/isc_asynchrony_behavior/experiments/next-word-prediction/experiment_orders/final-multimodal-01/wheretheressmoke/audio/sub-00082_experiment-information.json,1
https://rcweb.dartmouth.edu/~f003rjw/jspsych_experiments/experiments/isc_asynchrony_behavior/experiments/next-word-prediction/experiment_orders/final-multimodal-01/wheretheressmoke/text/sub-00082_experiment-information.json,1
https://rcweb.dartmouth.edu/~f003rjw/jspsych_experiments/experiments/isc_asynchrony_behavior/experiments/next-word-prediction/experiment_orders/final-multimodal-01/wheretheressmoke/audio/sub-00083_experiment-information.json,1
https://rcweb.dartmouth.edu/~f003rjw/jspsych_experiments/experiments/isc_asynchrony_behavior/experiments/next-word-prediction/experiment_orders/final-multimodal-01/wheretheressmoke/text/sub-00083_experiment-information.json,1
https://rcweb.dartmouth.edu/~f003rjw/jspsych_experiments/experiments/isc_asynchrony_behavior/experiments/next-word-prediction/experiment_orders/final-multimodal-01/wheretheressmoke/audio/sub-00084_experiment-information.json,1
https://rcweb.dartmouth.edu/~f003rjw/jspsych_experiments/experiments/isc_asynchrony_behavior/experiments/next-word-prediction/experiment_orders/final-multimodal-01/wheretheressmoke/text/sub-00084_experiment-information.json,1
https://rcweb.dartmouth.edu/~f003rjw/jspsych_experiments/experiments/isc_asynchrony_behavior/experiments/next-word-prediction/experiment_orders/final-multimodal-01/wheretheressmoke/audio/sub-00085_experiment-information.json,1
https://rcweb.dartmouth.edu/~f003rjw/jspsych_experiments/experiments/isc_asynchrony_behavior/experiments/next-word-prediction/experiment_orders/final-multimodal-01/wheretheressmoke/text/sub-00085_experiment-information.json,1
https://rcweb.dartmouth.edu/~f003rjw/jspsych_experiments/experiments/isc_asynchrony_behavior/experiments/next-word-prediction/experiment_orders/final-multimodal-01/wheretheressmoke/audio/sub-00086_experiment-information.json,1
https://rcweb.dartmouth.edu/~f003rjw/jspsych_experiments/experiments/isc_asynchrony_behavior/experiments/next-word-prediction/experiment_orders/final-multimodal-01/wheretheressmoke/text/sub-00086_experiment-information.json,1
https://rcweb.dartmouth.edu/~f003rjw/jspsych_experiments/experiments/isc_asynchrony_behavior/experiments/next-word-prediction/experiment_orders/final-multimodal-01/wheretheressmoke/audio/sub-00087_experiment-information.json,1
https://rcweb.dartmouth.edu/~f003rjw/jspsych_experiments/experiments/isc_asynchrony_behavior/experiments/next-word-prediction/experiment_orders/final-multimodal-01/wheretheressmoke/text/sub-00087_experiment-information.json,1
https://rcweb.dartmouth.edu/~f003rjw/jspsych_experiments/experiments/isc_asynchrony_behavior/experiments/next-word-prediction/experiment_orders/final-multimodal-01/wheretheressmoke/audio/sub-00088_experiment-information.json,1
https://rcweb.dartmouth.edu/~f003rjw/jspsych_experiments/experiments/isc_asynchrony_behavior/experiments/next-word-prediction/experiment_orders/final-multimodal-01/wheretheressmoke/text/sub-00088_experiment-information.json,1
https://rcweb.dartmouth.edu/~f003rjw/jspsych_experiments/experiments/isc_asynchrony_behavior/experiments/next-word-prediction/experiment_orders/final-multimodal-01/wheretheressmoke/audio/sub-00089_experiment-information.json,1
https://rcweb.dartmouth.edu/~f003rjw/jspsych_experiments/experiments/isc_asynchrony_behavior/experiments/next-word-prediction/experiment_orders/final-multimodal-01/wheretheressmoke/text/sub-00089_experiment-information.json,1
https://rcweb.dartmouth.edu/~f003rjw/jspsych_experiments/experiments/isc_asynchrony_behavior/experiments/next-word-prediction/experiment_orders/final-multimodal-01/wheretheressmoke/audio/sub-00090_experiment-information.json,1
https://rcweb.dartmouth.edu/~f003rjw/jspsych_experiments/experiments/isc_asynchrony_behavior/experiments/next-word-prediction/experiment_orders/final-multimodal-01/wheretheressmoke/text/sub-00090_experiment-information.json,1
https://rcweb.dartmouth.edu/~f003rjw/jspsych_experiments/experiments/isc_asynchrony_behavior/experiments/next-word-prediction/experiment_orders/final-multimodal-01/wheretheressmoke/audio/sub-00091_experiment-information.json,
https://rcweb.dartmouth.edu/~f003rjw/jspsych_experiments/experiments/isc_asynchrony_behavior/experiments/next-word-prediction/experiment_orders/final-multimodal-01/wheretheressmoke/text/sub-00091_experiment-information.json,1
https://rcweb.dartmouth.edu/~f003rjw/jspsych_experiments/experiments/isc_asynchrony_behavior/experiments/next-word-prediction/experiment_orders/final-multimodal-01/wheretheressmoke/audio/sub-00092_experiment-information.json,1
https://rcweb.dartmouth.edu/~f003rjw/jspsych_experiments/experiments/isc_asynchrony_behavior/experiments/next-word-prediction/experiment_orders/final-multimodal-01/wheretheressmoke/text/sub-00092_experiment-information.json,1
https://rcweb.dartmouth.edu/~f003rjw/jspsych_experiments/experiments/isc_asynchrony_behavior/experiments/next-word-prediction/experiment_orders/final-multimodal-01/wheretheressmoke/audio/sub-00093_experiment-information.json,1
https://rcweb.dartmouth.edu/~f003rjw/jspsych_experiments/experiments/isc_asynchrony_behavior/experiments/next-word-prediction/experiment_orders/final-multimodal-01/wheretheressmoke/text/sub-00093_experiment-information.json,
https://rcweb.dartmouth.edu/~f003rjw/jspsych_experiments/experiments/isc_asynchrony_behavior/experiments/next-word-prediction/experiment_orders/final-multimodal-01/wheretheressmoke/audio/sub-00094_experiment-information.json,1
https://rcweb.dartmouth.edu/~f003rjw/jspsych_experiments/experiments/isc_asynchrony_behavior/experiments/next-word-prediction/experiment_orders/final-multimodal-01/wheretheressmoke/text/sub-00094_experiment-information.json,1
https://rcweb.dartmouth.edu/~f003rjw/jspsych_experiments/experiments/isc_asynchrony_behavior/experiments/next-word-prediction/experiment_orders/final-multimodal-01/wheretheressmoke/audio/sub-00095_experiment-information.json,1
https://rcweb.dartmouth.edu/~f003rjw/jspsych_experiments/experiments/isc_asynchrony_behavior/experiments/next-word-prediction/experiment_orders/final-multimodal-01/wheretheressmoke/text/sub-00095_experiment-information.json,1
https://rcweb.dartmouth.edu/~f003rjw/jspsych_experiments/experiments/isc_asynchrony_behavior/experiments/next-word-prediction/experiment_orders/final-multimodal-01/wheretheressmoke/audio/sub-00096_experiment-information.json,1
https://rcweb.dartmouth.edu/~f003rjw/jspsych_experiments/experiments/isc_asynchrony_behavior/experiments/next-word-prediction/experiment_orders/final-multimodal-01/wheretheressmoke/text/sub-00096_experiment-information.json,
https://rcweb.dartmouth.edu/~f003rjw/jspsych_experiments/experiments/isc_asynchrony_behavior/experiments/next-word-prediction/experiment_orders/final-multimodal-01/wheretheressmoke/audio/sub-00097_experiment-information.json,1
https://rcweb.dartmouth.edu/~f003rjw/jspsych_experiments/experiments/isc_asynchrony_behavior/experiments/next-word-prediction/experiment_orders/final-multimodal-01/wheretheressmoke/text/sub-00097_experiment-information.json,1
https://rcweb.dartmouth.edu/~f003rjw/jspsych_experiments/experiments/isc_asynchrony_behavior/experiments/next-word-prediction/experiment_orders/final-multimodal-01/wheretheressmoke/audio/sub-00098_experiment-information.json,1
https://rcweb.dartmouth.edu/~f003rjw/jspsych_experiments/experiments/isc_asynchrony_behavior/experiments/next-word-prediction/experiment_orders/final-multimodal-01/wheretheressmoke/text/sub-00098_experiment-information.json,
https://rcweb.dartmouth.edu/~f003rjw/jspsych_experiments/experiments/isc_asynchrony_behavior/experiments/next-word-prediction/experiment_orders/final-multimodal-01/wheretheressmoke/audio/sub-00099_experiment-information.json,1
https://rcweb.dartmouth.edu/~f003rjw/jspsych_experiments/experiments/isc_asynchrony_behavior/experiments/next-word-prediction/experiment_orders/final-multimodal-01/wheretheressmoke/text/sub-00099_experiment-information.json,1
https://rcweb.dartmouth.edu/~f003rjw/jspsych_experiments/experiments/isc_asynchrony_behavior/experiments/next-word-prediction/experiment_orders/final-multimodal-01/wheretheressmoke/audio/sub-00100_experiment-information.json,1
https://rcweb.dartmouth.edu/~f003rjw/jspsych_experiments/experiments/isc_asynchrony_behavior/experiments/next-word-prediction/experiment_orders/final-multimodal-01/wheretheressmoke/text/sub-00100_experiment-information.json,1
https://rcweb.dartmouth.edu/~f003rjw/jspsych_experiments/experiments/isc_asynchrony_behavior/experiments/next-word-prediction/experiment_orders/final-multimodal-01/wheretheressmoke/audio/sub-00101_experiment-information.json,1
https://rcweb.dartmouth.edu/~f003rjw/jspsych_experiments/experiments/isc_asynchrony_behavior/experiments/next-word-prediction/experiment_orders/final-multimodal-01/wheretheressmoke/text/sub-00101_experiment-information.json,1
https://rcweb.dartmouth.edu/~f003rjw/jspsych_experiments/experiments/isc_asynchrony_behavior/experiments/next-word-prediction/experiment_orders/final-multimodal-01/wheretheressmoke/audio/sub-00102_experiment-information.json,1
https://rcweb.dartmouth.edu/~f003rjw/jspsych_experiments/experiments/isc_asynchrony_behavior/experiments/next-word-prediction/experiment_orders/final-multimodal-01/wheretheressmoke/text/sub-00102_experiment-information.json,
https://rcweb.dartmouth.edu/~f003rjw/jspsych_experiments/experiments/isc_asynchrony_behavior/experiments/next-word-prediction/experiment_orders/final-multimodal-01/wheretheressmoke/audio/sub-00103_experiment-information.json,1
https://rcweb.dartmouth.edu/~f003rjw/jspsych_experiments/experiments/isc_asynchrony_behavior/experiments/next-word-prediction/experiment_orders/final-multimodal-01/wheretheressmoke/text/sub-00103_experiment-information.json,
https://rcweb.dartmouth.edu/~f003rjw/jspsych_experiments/experiments/isc_asynchrony_behavior/experiments/next-word-prediction/experiment_orders/final-multimodal-01/wheretheressmoke/audio/sub-00104_experiment-information.json,1
https://rcweb.dartmouth.edu/~f003rjw/jspsych_experiments/experiments/isc_asynchrony_behavior/experiments/next-word-prediction/experiment_orders/final-multimodal-01/wheretheressmoke/text/sub-00104_experiment-information.json,1
https://rcweb.dartmouth.edu/~f003rjw/jspsych_experiments/experiments/isc_asynchrony_behavior/experiments/next-word-prediction/experiment_orders/final-multimodal-01/wheretheressmoke/audio/sub-00105_experiment-information.json,1
https://rcweb.dartmouth.edu/~f003rjw/jspsych_experiments/experiments/isc_asynchrony_behavior/experiments/next-word-prediction/experiment_orders/final-multimodal-01/wheretheressmoke/text/sub-00105_experiment-information.json,1
https://rcweb.dartmouth.edu/~f003rjw/jspsych_experiments/experiments/isc_asynchrony_behavior/experiments/next-word-prediction/experiment_orders/final-multimodal-01/wheretheressmoke/audio/sub-00106_experiment-information.json,1
https://rcweb.dartmouth.edu/~f003rjw/jspsych_experiments/experiments/isc_asynchrony_behavior/experiments/next-word-prediction/experiment_orders/final-multimodal-01/wheretheressmoke/text/sub-00106_experiment-information.json,
https://rcweb.dartmouth.edu/~f003rjw/jspsych_experiments/experiments/isc_asynchrony_behavior/experiments/next-word-prediction/experiment_orders/final-multimodal-01/wheretheressmoke/audio/sub-00107_experiment-information.json,1
https://rcweb.dartmouth.edu/~f003rjw/jspsych_experiments/experiments/isc_asynchrony_behavior/experiments/next-word-prediction/experiment_orders/final-multimodal-01/wheretheressmoke/text/sub-00107_experiment-information.json,1
https://rcweb.dartmouth.edu/~f003rjw/jspsych_experiments/experiments/isc_asynchrony_behavior/experiments/next-word-prediction/experiment_orders/final-multimodal-01/wheretheressmoke/audio/sub-00108_experiment-information.json,1
https://rcweb.dartmouth.edu/~f003rjw/jspsych_experiments/experiments/isc_asynchrony_behavior/experiments/next-word-prediction/experiment_orders/final-multimodal-01/wheretheressmoke/text/sub-00108_experiment-information.json,
https://rcweb.dartmouth.edu/~f003rjw/jspsych_experiments/experiments/isc_asynchrony_behavior/experiments/next-word-prediction/experiment_orders/final-multimodal-01/wheretheressmoke/audio/sub-00109_experiment-information.json,1
https://rcweb.dartmouth.edu/~f003rjw/jspsych_experiments/experiments/isc_asynchrony_behavior/experiments/next-word-prediction/experiment_orders/final-multimodal-01/wheretheressmoke/text/sub-00109_experiment-information.json,1
https://rcweb.dartmouth.edu/~f003rjw/jspsych_experiments/experiments/isc_asynchrony_behavior/experiments/next-word-prediction/experiment_orders/final-multimodal-01/wheretheressmoke/audio/sub-00110_experiment-information.json,1
https://rcweb.dartmouth.edu/~f003rjw/jspsych_experiments/experiments/isc_asynchrony_behavior/experiments/next-word-prediction/experiment_orders/final-multimodal-01/wheretheressmoke/text/sub-00110_experiment-information.json,1
https://rcweb.dartmouth.edu/~f003rjw/jspsych_experiments/experiments/isc_asynchrony_behavior/experiments/next-word-prediction/experiment_orders/final-multimodal-01/wheretheressmoke/audio/sub-00111_experiment-information.json,1
https://rcweb.dartmouth.edu/~f003rjw/jspsych_experiments/experiments/isc_asynchrony_behavior/experiments/next-word-prediction/experiment_orders/final-multimodal-01/wheretheressmoke/text/sub-00111_experiment-information.json,
https://rcweb.dartmouth.edu/~f003rjw/jspsych_experiments/experiments/isc_asynchrony_behavior/experiments/next-word-prediction/experiment_orders/final-multimodal-01/wheretheressmoke/audio/sub-00112_experiment-information.json,1
https://rcweb.dartmouth.edu/~f003rjw/jspsych_experiments/experiments/isc_asynchrony_behavior/experiments/next-word-prediction/experiment_orders/final-multimodal-01/wheretheressmoke/text/sub-00112_experiment-information.json,
https://rcweb.dartmouth.edu/~f003rjw/jspsych_experiments/experiments/isc_asynchrony_behavior/experiments/next-word-prediction/experiment_orders/final-multimodal-01/wheretheressmoke/audio/sub-00113_experiment-information.json,1
https://rcweb.dartmouth.edu/~f003rjw/jspsych_experiments/experiments/isc_asynchrony_behavior/experiments/next-word-prediction/experiment_orders/final-multimodal-01/wheretheressmoke/text/sub-00113_experiment-information.json,1
https://rcweb.dartmouth.edu/~f003rjw/jspsych_experiments/experiments/isc_asynchrony_behavior/experiments/next-word-prediction/experiment_orders/final-multimodal-01/wheretheressmoke/audio/sub-00114_experiment-information.json,1
https://rcweb.dartmouth.edu/~f003rjw/jspsych_experiments/experiments/isc_asynchrony_behavior/experiments/next-word-prediction/experiment_orders/final-multimodal-01/wheretheressmoke/text/sub-00114_experiment-information.json,1
https://rcweb.dartmouth.edu/~f003rjw/jspsych_experiments/experiments/isc_asynchrony_behavior/experiments/next-word-prediction/experiment_orders/final-multimodal-01/wheretheressmoke/audio/sub-00115_experiment-information.json,1
https://rcweb.dartmouth.edu/~f003rjw/jspsych_experiments/experiments/isc_asynchrony_behavior/experiments/next-word-prediction/experiment_orders/final-multimodal-01/wheretheressmoke/text/sub-00115_experiment-information.json,
https://rcweb.dartmouth.edu/~f003rjw/jspsych_experiments/experiments/isc_asynchrony_behavior/experiments/next-word-prediction/experiment_orders/final-multimodal-01/wheretheressmoke/audio/sub-00116_experiment-information.json,1
https://rcweb.dartmouth.edu/~f003rjw/jspsych_experiments/experiments/isc_asynchrony_behavior/experiments/next-word-prediction/experiment_orders/final-multimodal-01/wheretheressmoke/text/sub-00116_experiment-information.json,
https://rcweb.dartmouth.edu/~f003rjw/jspsych_experiments/experiments/isc_asynchrony_behavior/experiments/next-word-prediction/experiment_orders/final-multimodal-01/wheretheressmoke/audio/sub-00117_experiment-information.json,1
https://rcweb.dartmouth.edu/~f003rjw/jspsych_experiments/experiments/isc_asynchrony_behavior/experiments/next-word-prediction/experiment_orders/final-multimodal-01/wheretheressmoke/text/sub-00117_experiment-information.json,
https://rcweb.dartmouth.edu/~f003rjw/jspsych_experiments/experiments/isc_asynchrony_behavior/experiments/next-word-prediction/experiment_orders/final-multimodal-01/wheretheressmoke/audio/sub-00118_experiment-information.json,1
https://rcweb.dartmouth.edu/~f003rjw/jspsych_experiments/experiments/isc_asynchrony_behavior/experiments/next-word-prediction/experiment_orders/final-multimodal-01/wheretheressmoke/text/sub-00118_experiment-information.json,
https://rcweb.dartmouth.edu/~f003rjw/jspsych_experiments/experiments/isc_asynchrony_behavior/experiments/next-word-prediction/experiment_orders/final-multimodal-01/wheretheressmoke/audio/sub-00119_experiment-information.json,1
https://rcweb.dartmouth.edu/~f003rjw/jspsych_experiments/experiments/isc_asynchrony_behavior/experiments/next-word-prediction/experiment_orders/final-multimodal-01/wheretheressmoke/text/sub-00119_experiment-information.json,1
https://rcweb.dartmouth.edu/~f003rjw/jspsych_experiments/experiments/isc_asynchrony_behavior/experiments/next-word-prediction/experiment_orders/final-multimodal-01/wheretheressmoke/audio/sub-00120_experiment-information.json,1
https://rcweb.dartmouth.edu/~f003rjw/jspsych_experiments/experiments/isc_asynchrony_behavior/experiments/next-word-prediction/experiment_orders/final-multimodal-01/wheretheressmoke/text/sub-00120_experiment-information.json,
https://rcweb.dartmouth.edu/~f003rjw/jspsych_experiments/experiments/isc_asynchrony_behavior/experiments/next-word-prediction/experiment_orders/final-multimodal-01/wheretheressmoke/audio/sub-00121_experiment-information.json,1
https://rcweb.dartmouth.edu/~f003rjw/jspsych_experiments/experiments/isc_asynchrony_behavior/experiments/next-word-prediction/experiment_orders/final-multimodal-01/wheretheressmoke/text/sub-00121_experiment-information.json,
https://rcweb.dartmouth.edu/~f003rjw/jspsych_experiments/experiments/isc_asynchrony_behavior/experiments/next-word-prediction/experiment_orders/final-multimodal-01/wheretheressmoke/audio/sub-00122_experiment-information.json,1
https://rcweb.dartmouth.edu/~f003rjw/jspsych_experiments/experiments/isc_asynchrony_behavior/experiments/next-word-prediction/experiment_orders/final-multimodal-01/wheretheressmoke/text/sub-00122_experiment-information.json,1
https://rcweb.dartmouth.edu/~f003rjw/jspsych_experiments/experiments/isc_asynchrony_behavior/experiments/next-word-prediction/experiment_orders/final-multimodal-01/wheretheressmoke/audio/sub-00123_experiment-information.json,1
https://rcweb.dartmouth.edu/~f003rjw/jspsych_experiments/experiments/isc_asynchrony_behavior/experiments/next-word-prediction/experiment_orders/final-multimodal-01/wheretheressmoke/text/sub-00123_experiment-information.json,
https://rcweb.dartmouth.edu/~f003rjw/jspsych_experiments/experiments/isc_asynchrony_behavior/experiments/next-word-prediction/experiment_orders/final-multimodal-01/wheretheressmoke/audio/sub-00124_experiment-information.json,1
https://rcweb.dartmouth.edu/~f003rjw/jspsych_experiments/experiments/isc_asynchrony_behavior/experiments/next-word-prediction/experiment_orders/final-multimodal-01/wheretheressmoke/text/sub-00124_experiment-information.json,
https://rcweb.dartmouth.edu/~f003rjw/jspsych_experiments/experiments/isc_asynchrony_behavior/experiments/next-word-prediction/experiment_orders/final-multimodal-01/wheretheressmoke/audio/sub-00125_experiment-information.json,
https://rcweb.dartmouth.edu/~f003rjw/jspsych_experiments/experiments/isc_asynchrony_behavior/experiments/next-word-prediction/experiment_orders/final-multimodal-01/wheretheressmoke/text/sub-00125_experiment-information.json,
https://rcweb.dartmouth.edu/~f003rjw/jspsych_experiments/experiments/isc_asynchrony_behavior/experiments/next-word-prediction/experiment_orders/final-multimodal-01/wheretheressmoke/audio/sub-00126_experiment-information.json,
https://rcweb.dartmouth.edu/~f003rjw/jspsych_experiments/experiments/isc_asynchrony_behavior/experiments/next-word-prediction/experiment_orders/final-multimodal-01/wheretheressmoke/text/sub-00126_experiment-information.json,
https://rcweb.dartmouth.edu/~f003rjw/jspsych_experiments/experiments/isc_asynchrony_behavior/experiments/next-word-prediction/experiment_orders/final-multimodal-01/wheretheressmoke/audio/sub-00127_experiment-information.json,
https://rcweb.dartmouth.edu/~f003rjw/jspsych_experiments/experiments/isc_asynchrony_behavior/experiments/next-word-prediction/experiment_orders/final-multimodal-01/wheretheressmoke/text/sub-00127_experiment-information.json,
https://rcweb.dartmouth.edu/~f003rjw/jspsych_experiments/experiments/isc_asynchrony_behavior/experiments/next-word-prediction/experiment_orders/final-multimodal-01/wheretheressmoke/audio/sub-00128_experiment-information.json,
https://rcweb.dartmouth.edu/~f003rjw/jspsych_experiments/experiments/isc_asynchrony_behavior/experiments/next-word-prediction/experiment_orders/final-multimodal-01/wheretheressmoke/text/sub-00128_experiment-information.json,
https://rcweb.dartmouth.edu/~f003rjw/jspsych_experiments/experiments/isc_asynchrony_behavior/experiments/next-word-prediction/experiment_orders/final-multimodal-01/wheretheressmoke/audio/sub-00129_experiment-information.json,
https://rcweb.dartmouth.edu/~f003rjw/jspsych_experiments/experiments/isc_asynchrony_behavior/experiments/next-word-prediction/experiment_orders/final-multimodal-01/wheretheressmoke/text/sub-00129_experiment-information.json,
https://rcweb.dartmouth.edu/~f003rjw/jspsych_experiments/experiments/isc_asynchrony_behavior/experiments/next-word-prediction/experiment_orders/final-multimodal-01/wheretheressmoke/audio/sub-00130_experiment-information.json,
https://rcweb.dartmouth.edu/~f003rjw/jspsych_experiments/experiments/isc_asynchrony_behavior/experiments/next-word-prediction/experiment_orders/final-multimodal-01/wheretheressmoke/text/sub-00130_experiment-information.json,
https://rcweb.dartmouth.edu/~f003rjw/jspsych_experiments/experiments/isc_asynchrony_behavior/experiments/next-word-prediction/experiment_orders/final-multimodal-01/wheretheressmoke/audio/sub-00131_experiment-information.json,
https://rcweb.dartmouth.edu/~f003rjw/jspsych_experiments/experiments/isc_asynchrony_behavior/experiments/next-word-prediction/experiment_orders/final-multimodal-01/wheretheressmoke/text/sub-00131_experiment-information.json,
https://rcweb.dartmouth.edu/~f003rjw/jspsych_experiments/experiments/isc_asynchrony_behavior/experiments/next-word-prediction/experiment_orders/final-multimodal-01/wheretheressmoke/audio/sub-00132_experiment-information.json,
https://rcweb.dartmouth.edu/~f003rjw/jspsych_experiments/experiments/isc_asynchrony_behavior/experiments/next-word-prediction/experiment_orders/final-multimodal-01/wheretheressmoke/text/sub-00132_experiment-information.json,
https://rcweb.dartmouth.edu/~f003rjw/jspsych_experiments/experiments/isc_asynchrony_behavior/experiments/next-word-prediction/experiment_orders/final-multimodal-01/wheretheressmoke/audio/sub-00133_experiment-information.json,
https://rcweb.dartmouth.edu/~f003rjw/jspsych_experiments/experiments/isc_asynchrony_behavior/experiments/next-word-prediction/experiment_orders/final-multimodal-01/wheretheressmoke/text/sub-00133_experiment-information.json,
https://rcweb.dartmouth.edu/~f003rjw/jspsych_experiments/experiments/isc_asynchrony_behavior/experiments/next-word-prediction/experiment_orders/final-multimodal-01/wheretheressmoke/audio/sub-00134_experiment-information.json,
https://rcweb.dartmouth.edu/~f003rjw/jspsych_experiments/experiments/isc_asynchrony_behavior/experiments/next-word-prediction/experiment_orders/final-multimodal-01/wheretheressmoke/text/sub-00134_experiment-information.json,
https://rcweb.dartmouth.edu/~f003rjw/jspsych_experiments/experiments/isc_asynchrony_behavior/experiments/next-word-prediction/experiment_orders/final-multimodal-01/wheretheressmoke/audio/sub-00135_experiment-information.json,
https://rcweb.dartmouth.edu/~f003rjw/jspsych_experiments/experiments/isc_asynchrony_behavior/experiments/next-word-prediction/experiment_orders/final-multimodal-01/wheretheressmoke/text/sub-00135_experiment-information.json,
https://rcweb.dartmouth.edu/~f003rjw/jspsych_experiments/experiments/isc_asynchrony_behavior/experiments/next-word-prediction/experiment_orders/final-multimodal-01/wheretheressmoke/audio/sub-00136_experiment-information.json,
https://rcweb.dartmouth.edu/~f003rjw/jspsych_experiments/experiments/isc_asynchrony_behavior/experiments/next-word-prediction/experiment_orders/final-multimodal-01/wheretheressmoke/text/sub-00136_experiment-information.json,
https://rcweb.dartmouth.edu/~f003rjw/jspsych_experiments/experiments/isc_asynchrony_behavior/experiments/next-word-prediction/experiment_orders/final-multimodal-01/wheretheressmoke/audio/sub-00137_experiment-information.json,
https://rcweb.dartmouth.edu/~f003rjw/jspsych_experiments/experiments/isc_asynchrony_behavior/experiments/next-word-prediction/experiment_orders/final-multimodal-01/wheretheressmoke/text/sub-00137_experiment-information.json,
https://rcweb.dartmouth.edu/~f003rjw/jspsych_experiments/experiments/isc_asynchrony_behavior/experiments/next-word-prediction/experiment_orders/final-multimodal-01/wheretheressmoke/audio/sub-00138_experiment-information.json,
https://rcweb.dartmouth.edu/~f003rjw/jspsych_experiments/experiments/isc_asynchrony_behavior/experiments/next-word-prediction/experiment_orders/final-multimodal-01/wheretheressmoke/text/sub-00138_experiment-information.json,
https://rcweb.dartmouth.edu/~f003rjw/jspsych_experiments/experiments/isc_asynchrony_behavior/experiments/next-word-prediction/experiment_orders/final-multimodal-01/wheretheressmoke/audio/sub-00139_experiment-information.json,
https://rcweb.dartmouth.edu/~f003rjw/jspsych_experiments/experiments/isc_asynchrony_behavior/experiments/next-word-prediction/experiment_orders/final-multimodal-01/wheretheressmoke/text/sub-00139_experiment-information.json,
https://rcweb.dartmouth.edu/~f003rjw/jspsych_experiments/experiments/isc_asynchrony_behavior/experiments/next-word-prediction/experiment_orders/final-multimodal-01/wheretheressmoke/audio/sub-00140_experiment-information.json,
https://rcweb.dartmouth.edu/~f003rjw/jspsych_experiments/experiments/isc_asynchrony_behavior/experiments/next-word-prediction/experiment_orders/final-multimodal-01/wheretheressmoke/text/sub-00140_experiment-information.json,
https://rcweb.dartmouth.edu/~f003rjw/jspsych_experiments/experiments/isc_asynchrony_behavior/experiments/next-word-prediction/experiment_orders/final-multimodal-01/wheretheressmoke/audio/sub-00141_experiment-information.json,
https://rcweb.dartmouth.edu/~f003rjw/jspsych_experiments/experiments/isc_asynchrony_behavior/experiments/next-word-prediction/experiment_orders/final-multimodal-01/wheretheressmoke/text/sub-00141_experiment-information.json,
https://rcweb.dartmouth.edu/~f003rjw/jspsych_experiments/experiments/isc_asynchrony_behavior/experiments/next-word-prediction/experiment_orders/final-multimodal-01/wheretheressmoke/audio/sub-00142_experiment-information.json,
https://rcweb.dartmouth.edu/~f003rjw/jspsych_experiments/experiments/isc_asynchrony_behavior/experiments/next-word-prediction/experiment_orders/final-multimodal-01/wheretheressmoke/text/sub-00142_experiment-information.json,
https://rcweb.dartmouth.edu/~f003rjw/jspsych_experiments/experiments/isc_asynchrony_behavior/experiments/next-word-prediction/experiment_orders/final-multimodal-01/wheretheressmoke/audio/sub-00143_experiment-information.json,
https://rcweb.dartmouth.edu/~f003rjw/jspsych_experiments/experiments/isc_asynchrony_behavior/experiments/next-word-prediction/experiment_orders/final-multimodal-01/wheretheressmoke/text/sub-00143_experiment-information.json,
https://rcweb.dartmouth.edu/~f003rjw/jspsych_experiments/experiments/isc_asynchrony_behavior/experiments/next-word-prediction/experiment_orders/final-multimodal-01/wheretheressmoke/audio/sub-00144_experiment-information.json,
https://rcweb.dartmouth.edu/~f003rjw/jspsych_experiments/experiments/isc_asynchrony_behavior/experiments/next-word-prediction/experiment_orders/final-multimodal-01/wheretheressmoke/text/sub-00144_experiment-information.json,
https://rcweb.dartmouth.edu/~f003rjw/jspsych_experiments/experiments/isc_asynchrony_behavior/experiments/next-word-prediction/experiment_orders/final-multimodal-01/wheretheressmoke/audio/sub-00145_experiment-information.json,
https://rcweb.dartmouth.edu/~f003rjw/jspsych_experiments/experiments/isc_asynchrony_behavior/experiments/next-word-prediction/experiment_orders/final-multimodal-01/wheretheressmoke/text/sub-00145_experiment-information.json,
https://rcweb.dartmouth.edu/~f003rjw/jspsych_experiments/experiments/isc_asynchrony_behavior/experiments/next-word-prediction/experiment_orders/final-multimodal-01/wheretheressmoke/audio/sub-00146_experiment-information.json,
https://rcweb.dartmouth.edu/~f003rjw/jspsych_experiments/experiments/isc_asynchrony_behavior/experiments/next-word-prediction/experiment_orders/final-multimodal-01/wheretheressmoke/text/sub-00146_experiment-information.json,
https://rcweb.dartmouth.edu/~f003rjw/jspsych_experiments/experiments/isc_asynchrony_behavior/experiments/next-word-prediction/experiment_orders/final-multimodal-01/wheretheressmoke/audio/sub-00147_experiment-information.json,
https://rcweb.dartmouth.edu/~f003rjw/jspsych_experiments/experiments/isc_asynchrony_behavior/experiments/next-word-prediction/experiment_orders/final-multimodal-01/wheretheressmoke/text/sub-00147_experiment-information.json,
https://rcweb.dartmouth.edu/~f003rjw/jspsych_experiments/experiments/isc_asynchrony_behavior/experiments/next-word-prediction/experiment_orders/final-multimodal-01/wheretheressmoke/audio/sub-00148_experiment-information.json,
https://rcweb.dartmouth.edu/~f003rjw/jspsych_experiments/experiments/isc_asynchrony_behavior/experiments/next-word-prediction/experiment_orders/final-multimodal-01/wheretheressmoke/text/sub-00148_experiment-information.json,
https://rcweb.dartmouth.edu/~f003rjw/jspsych_experiments/experiments/isc_asynchrony_behavior/experiments/next-word-prediction/experiment_orders/final-multimodal-01/wheretheressmoke/audio/sub-00149_experiment-information.json,
https://rcweb.dartmouth.edu/~f003rjw/jspsych_experiments/experiments/isc_asynchrony_behavior/experiments/next-word-prediction/experiment_orders/final-multimodal-01/wheretheressmoke/text/sub-00149_experiment-information.json,
https://rcweb.dartmouth.edu/~f003rjw/jspsych_experiments/experiments/isc_asynchrony_behavior/experiments/next-word-prediction/experiment_orders/final-multimodal-01/wheretheressmoke/audio/sub-00150_experiment-information.json,
https://rcweb.dartmouth.edu/~f003rjw/jspsych_experiments/experiments/isc_asynchrony_behavior/experiments/next-word-prediction/experiment_orders/final-multimodal-01/wheretheressmoke/text/sub-00150_experiment-information.json,